epoch,acc,loss,lr,val_acc,val_loss
0,0.6524122807017544,1.4222422294449388,0.001,0.37333333333333335,3.5635482584105596
