epoch,acc,loss,lr,val_acc,val_loss
0,0.6430921052631579,12.263202617042943,0.001,0.24222222222222223,15.538090273539225
